{
  "Dog_1": {
    "precision": 0.2127659574468085,
    "recall": 0.8333333333333334,
    "f1-score": 0.3389830508474576,
    "support": 12.0
  },
  "Dog_2": {
    "precision": 0.058823529411764705,
    "recall": 0.08333333333333333,
    "f1-score": 0.06896551724137931,
    "support": 12.0
  },
  "Dog_3": {
    "precision": 0.13333333333333333,
    "recall": 0.5,
    "f1-score": 0.21052631578947367,
    "support": 12.0
  },
  "Dog_4": {
    "precision": 0.5,
    "recall": 0.08333333333333333,
    "f1-score": 0.14285714285714285,
    "support": 12.0
  },
  "Dog_5": {
    "precision": 0.5714285714285714,
    "recall": 0.6666666666666666,
    "f1-score": 0.6153846153846154,
    "support": 12.0
  },
  "Dog_6": {
    "precision": 0.2631578947368421,
    "recall": 0.4166666666666667,
    "f1-score": 0.3225806451612903,
    "support": 12.0
  },
  "Dog_7": {
    "precision": 0.0,
    "recall": 0.0,
    "f1-score": 0.0,
    "support": 12.0
  },
  "Dog_8": {
    "precision": 0.26666666666666666,
    "recall": 0.3333333333333333,
    "f1-score": 0.2962962962962963,
    "support": 12.0
  },
  "Dog_9": {
    "precision": 0.13636363636363635,
    "recall": 0.25,
    "f1-score": 0.17647058823529413,
    "support": 12.0
  },
  "Dog_10": {
    "precision": 0.0,
    "recall": 0.0,
    "f1-score": 0.0,
    "support": 12.0
  },
  "Dog_11": {
    "precision": 0.21428571428571427,
    "recall": 0.25,
    "f1-score": 0.23076923076923078,
    "support": 12.0
  },
  "Dog_12": {
    "precision": 0.0,
    "recall": 0.0,
    "f1-score": 0.0,
    "support": 11.0
  },
  "Dog_13": {
    "precision": 0.15384615384615385,
    "recall": 0.16666666666666666,
    "f1-score": 0.16,
    "support": 12.0
  },
  "Dog_14": {
    "precision": 0.0,
    "recall": 0.0,
    "f1-score": 0.0,
    "support": 11.0
  },
  "Dog_15": {
    "precision": 0.3076923076923077,
    "recall": 0.7272727272727273,
    "f1-score": 0.43243243243243246,
    "support": 11.0
  },
  "Dog_16": {
    "precision": 0.05263157894736842,
    "recall": 0.08333333333333333,
    "f1-score": 0.06451612903225806,
    "support": 12.0
  },
  "Dog_17": {
    "precision": 0.3333333333333333,
    "recall": 0.09090909090909091,
    "f1-score": 0.14285714285714285,
    "support": 11.0
  },
  "Dog_18": {
    "precision": 0.0,
    "recall": 0.0,
    "f1-score": 0.0,
    "support": 12.0
  },
  "Dog_19": {
    "precision": 0.0,
    "recall": 0.0,
    "f1-score": 0.0,
    "support": 12.0
  },
  "Dog_20": {
    "precision": 0.35714285714285715,
    "recall": 0.4166666666666667,
    "f1-score": 0.38461538461538464,
    "support": 12.0
  },
  "Dog_21": {
    "precision": 0.46153846153846156,
    "recall": 0.5,
    "f1-score": 0.48,
    "support": 12.0
  },
  "Dog_22": {
    "precision": 0.18181818181818182,
    "recall": 0.3333333333333333,
    "f1-score": 0.23529411764705882,
    "support": 12.0
  },
  "Dog_23": {
    "precision": 0.4,
    "recall": 0.5,
    "f1-score": 0.4444444444444444,
    "support": 12.0
  },
  "Dog_24": {
    "precision": 0.18181818181818182,
    "recall": 0.16666666666666666,
    "f1-score": 0.17391304347826086,
    "support": 12.0
  },
  "Dog_25": {
    "precision": 0.21052631578947367,
    "recall": 0.3333333333333333,
    "f1-score": 0.25806451612903225,
    "support": 12.0
  },
  "Dog_26": {
    "precision": 0.1875,
    "recall": 0.25,
    "f1-score": 0.21428571428571427,
    "support": 12.0
  },
  "Dog_27": {
    "precision": 0.0,
    "recall": 0.0,
    "f1-score": 0.0,
    "support": 11.0
  },
  "Dog_28": {
    "precision": 0.0,
    "recall": 0.0,
    "f1-score": 0.0,
    "support": 12.0
  },
  "Dog_29": {
    "precision": 0.07692307692307693,
    "recall": 0.08333333333333333,
    "f1-score": 0.08,
    "support": 12.0
  },
  "Dog_30": {
    "precision": 0.0,
    "recall": 0.0,
    "f1-score": 0.0,
    "support": 11.0
  },
  "Dog_31": {
    "precision": 0.4,
    "recall": 0.3333333333333333,
    "f1-score": 0.36363636363636365,
    "support": 12.0
  },
  "Dog_32": {
    "precision": 0.2727272727272727,
    "recall": 0.5,
    "f1-score": 0.35294117647058826,
    "support": 12.0
  },
  "Dog_33": {
    "precision": 0.25,
    "recall": 0.08333333333333333,
    "f1-score": 0.125,
    "support": 12.0
  },
  "Dog_34": {
    "precision": 0.0,
    "recall": 0.0,
    "f1-score": 0.0,
    "support": 11.0
  },
  "Dog_35": {
    "precision": 0.0,
    "recall": 0.0,
    "f1-score": 0.0,
    "support": 12.0
  },
  "Dog_36": {
    "precision": 0.08333333333333333,
    "recall": 0.08333333333333333,
    "f1-score": 0.08333333333333333,
    "support": 12.0
  },
  "Dog_37": {
    "precision": 0.0,
    "recall": 0.0,
    "f1-score": 0.0,
    "support": 12.0
  },
  "Dog_38": {
    "precision": 0.0,
    "recall": 0.0,
    "f1-score": 0.0,
    "support": 12.0
  },
  "Dog_39": {
    "precision": 0.16666666666666666,
    "recall": 0.08333333333333333,
    "f1-score": 0.1111111111111111,
    "support": 12.0
  },
  "Dog_40": {
    "precision": 0.0,
    "recall": 0.0,
    "f1-score": 0.0,
    "support": 12.0
  },
  "Dog_41": {
    "precision": 0.5,
    "recall": 0.09090909090909091,
    "f1-score": 0.15384615384615385,
    "support": 11.0
  },
  "Dog_42": {
    "precision": 0.14285714285714285,
    "recall": 0.16666666666666666,
    "f1-score": 0.15384615384615385,
    "support": 12.0
  },
  "Dog_43": {
    "precision": 0.0,
    "recall": 0.0,
    "f1-score": 0.0,
    "support": 12.0
  },
  "Dog_44": {
    "precision": 0.18181818181818182,
    "recall": 0.16666666666666666,
    "f1-score": 0.17391304347826086,
    "support": 12.0
  },
  "Dog_45": {
    "precision": 0.0,
    "recall": 0.0,
    "f1-score": 0.0,
    "support": 11.0
  },
  "Dog_46": {
    "precision": 0.0,
    "recall": 0.0,
    "f1-score": 0.0,
    "support": 12.0
  },
  "Dog_47": {
    "precision": 0.1111111111111111,
    "recall": 0.08333333333333333,
    "f1-score": 0.09523809523809523,
    "support": 12.0
  },
  "Dog_48": {
    "precision": 0.18181818181818182,
    "recall": 0.16666666666666666,
    "f1-score": 0.17391304347826086,
    "support": 12.0
  },
  "Dog_49": {
    "precision": 0.15384615384615385,
    "recall": 0.3333333333333333,
    "f1-score": 0.21052631578947367,
    "support": 12.0
  },
  "Dog_50": {
    "precision": 0.3333333333333333,
    "recall": 0.16666666666666666,
    "f1-score": 0.2222222222222222,
    "support": 12.0
  },
  "Dog_51": {
    "precision": 0.16,
    "recall": 0.3333333333333333,
    "f1-score": 0.21621621621621623,
    "support": 12.0
  },
  "Dog_52": {
    "precision": 0.2857142857142857,
    "recall": 0.18181818181818182,
    "f1-score": 0.2222222222222222,
    "support": 11.0
  },
  "Dog_53": {
    "precision": 0.3157894736842105,
    "recall": 0.5,
    "f1-score": 0.3870967741935484,
    "support": 12.0
  },
  "Dog_54": {
    "precision": 0.15,
    "recall": 0.25,
    "f1-score": 0.1875,
    "support": 12.0
  },
  "Dog_55": {
    "precision": 0.22727272727272727,
    "recall": 0.4166666666666667,
    "f1-score": 0.29411764705882354,
    "support": 12.0
  },
  "Dog_56": {
    "precision": 0.0,
    "recall": 0.0,
    "f1-score": 0.0,
    "support": 11.0
  },
  "Dog_57": {
    "precision": 0.07142857142857142,
    "recall": 0.08333333333333333,
    "f1-score": 0.07692307692307693,
    "support": 12.0
  },
  "Dog_58": {
    "precision": 0.14285714285714285,
    "recall": 0.08333333333333333,
    "f1-score": 0.10526315789473684,
    "support": 12.0
  },
  "Dog_59": {
    "precision": 0.15384615384615385,
    "recall": 0.16666666666666666,
    "f1-score": 0.16,
    "support": 12.0
  },
  "Dog_60": {
    "precision": 0.34782608695652173,
    "recall": 0.6666666666666666,
    "f1-score": 0.45714285714285713,
    "support": 12.0
  },
  "accuracy": 0.2016925246826516,
  "macro avg": {
    "precision": 0.16489735952989537,
    "recall": 0.20012626262626262,
    "f1-score": 0.16332108819342345,
    "support": 709.0
  },
  "weighted avg": {
    "precision": 0.16544338354694607,
    "recall": 0.2016925246826516,